Corp ID,Corp Name,"ELA
Pass N","ELA
Test N","ELA
Pass Percent","Math
Pass N","Math
Test N","Math
Pass Percent","Both Math and ELA
Pass N","Both Math and ELA
Test N","Both Math and ELA
Pass Percent","ELA
Pass N","ELA
Test N","ELA
Pass Percent","Math
Pass N","Math
Test N","Math
Pass Percent","Both Math and ELA
Pass N","Both Math and ELA
Test N","Both Math and ELA
Pass Percent",Total Pass
0015,Adams Central Community Schools,315,428,73.6%,320,429,74.6%,276,428,64.5%,81,142,57.0%,73,143,51.0%,61,142,43.0%,337
0025,North Adams Community Schools,199,280,71.1%,160,278,57.6%,142,278,51.1%,182,396,46.0%,139,394,35.3%,102,393,26.0%,244
0035,South Adams Schools,237,296,80.1%,238,296,80.4%,209,296,70.6%,131,224,58.5%,129,223,57.8%,98,223,43.9%,307
0125,M S D Southwest Allen County Schls,2316,2831,81.8%,2113,2838,74.5%,1973,2823,69.9%,291,534,54.5%,253,538,47.0%,206,533,38.6%,2179
0225,Northwest Allen County Schools,2202,2722,80.9%,2054,2723,75.4%,1874,2719,68.9%,448,701,63.9%,372,702,53.0%,317,700,45.3%,2191
0235,Fort Wayne Community Schools,2765,4062,68.1%,2448,4089,59.9%,2163,4058,53.3%,4092,8693,47.1%,3444,8750,39.4%,2768,8672,31.9%,4931
0255,East Allen County Schools,1505,1838,81.9%,1362,1839,74.1%,1281,1837,69.7%,1182,2215,53.4%,909,2225,40.9%,782,2213,35.3%,2063
0365,Bartholomew Con School Corp,1981,2502,79.2%,1959,2504,78.2%,1774,2501,70.9%,1191,2456,48.5%,1076,2460,43.7%,846,2452,34.5%,2620
0370,Flat Rock-Hawcreek School Corp,167,221,75.6%,174,221,78.7%,155,221,70.1%,102,192,53.1%,114,193,59.1%,84,192,43.8%,239
0395,Benton Community School Corp,307,423,72.6%,306,423,72.3%,270,423,63.8%,211,412,51.2%,183,412,44.4%,141,412,34.2%,411
0515,Blackford County Schools,223,284,78.5%,217,283,76.7%,192,283,67.8%,252,417,60.4%,230,418,55.0%,193,417,46.3%,385
0615,Western Boone Co Com Sch Dist,357,467,76.4%,343,467,73.4%,312,467,66.8%,166,285,58.2%,159,285,55.8%,126,285,44.2%,438
0630,Zionsville Community Schools,2643,3039,87.0%,2473,3042,81.3%,2329,3036,76.7%,102,163,62.6%,80,168,47.6%,66,163,40.5%,2395
0665,Lebanon Community School Corp,695,892,77.9%,695,892,77.9%,614,891,68.9%,368,697,52.8%,364,698,52.1%,281,697,40.3%,895
0670,Brown County School Corporation,281,372,75.5%,282,373,75.6%,248,372,66.7%,265,452,58.6%,268,452,59.3%,218,452,48.2%,466
0750,Carroll Consolidated School Corp,227,319,71.2%,191,320,59.7%,175,319,54.9%,109,216,50.5%,84,217,38.7%,73,216,33.8%,248
0755,Delphi Community School Corp,218,277,78.7%,199,277,71.8%,187,277,67.5%,221,379,58.3%,190,379,50.1%,169,378,44.7%,356
0775,Pioneer Regional School Corp,149,223,66.8%,129,223,57.8%,111,223,49.8%,105,213,49.3%,98,213,46.0%,71,213,33.3%,182
0815,Lewis Cass Schools,248,334,74.3%,215,334,64.4%,195,334,58.4%,132,235,56.2%,115,237,48.5%,88,235,37.4%,283
0875,Logansport Community Sch Corp,457,715,63.9%,408,717,56.9%,350,715,49.0%,519,1143,45.4%,443,1147,38.6%,350,1141,30.7%,700
0940,West Clark Community Schools,986,1375,71.7%,894,1378,64.9%,791,1375,57.5%,361,671,53.8%,291,674,43.2%,229,671,34.1%,1020
1000,Clarksville Community School Corp,132,184,71.7%,120,183,65.6%,106,183,57.9%,239,395,60.5%,185,395,46.8%,155,393,39.4%,261
1010,Greater Clark County Schools,1407,1828,77.0%,1271,1829,69.5%,1154,1827,63.2%,1506,2719,55.4%,1238,2723,45.5%,1042,2714,38.4%,2196
1125,Clay Community Schools,643,814,79.0%,684,815,83.9%,591,814,72.6%,627,1037,60.5%,626,1038,60.3%,504,1036,48.6%,1095
1150,Clinton Central School Corporation,168,215,78.1%,148,215,68.8%,134,215,62.3%,105,209,50.2%,95,209,45.5%,73,209,34.9%,207
1160,Clinton Prairie School Corporation,194,307,63.2%,207,307,67.4%,167,307,54.4%,138,267,51.7%,139,269,51.7%,103,267,38.6%,270
1170,Community Schools of Frankfort,151,249,60.6%,154,249,61.8%,127,247,51.4%,507,1152,44.0%,487,1154,42.2%,350,1147,30.5%,477
1180,Rossville Con School District,224,299,74.9%,217,299,72.6%,190,298,63.8%,73,138,52.9%,64,138,46.4%,52,138,37.7%,242
1300,Crawford County Community Sch Corp,182,223,81.6%,170,223,76.2%,159,223,71.3%,264,446,59.2%,246,447,55.0%,203,446,45.5%,362
1315,Barr-Reeve Community Schools Inc,248,292,84.9%,258,292,88.4%,234,292,80.1%,106,133,79.7%,109,133,82.0%,98,133,73.7%,332
1375,North Daviess Com Schools,243,302,80.5%,220,302,72.8%,207,302,68.5%,165,235,70.2%,120,235,51.1%,111,235,47.2%,318
1405,Washington Community Schools,281,363,77.4%,269,364,73.9%,237,363,65.3%,373,842,44.3%,358,845,42.4%,262,842,31.1%,499
1560,Sunman-Dearborn Com Sch Corp,976,1258,77.6%,917,1260,72.8%,836,1258,66.5%,231,429,53.8%,201,429,46.9%,164,429,38.2%,1000
1600,South Dearborn Community Sch Corp,384,524,73.3%,349,525,66.5%,312,524,59.5%,269,535,50.3%,240,534,44.9%,190,534,35.6%,502
1620,Lawrenceburg Community School Corp,400,509,78.6%,348,509,68.4%,317,509,62.3%,238,380,62.6%,206,382,53.9%,167,380,43.9%,484
1655,Decatur County Community Schools,347,430,80.7%,349,430,81.2%,323,430,75.1%,254,454,55.9%,244,455,53.6%,194,454,42.7%,517
1730,Greensburg Community Schools,354,420,84.3%,309,419,73.7%,288,419,68.7%,341,538,63.4%,286,537,53.3%,238,535,44.5%,526
1805,DeKalb Co Eastern Com Sch Dist,228,330,69.1%,232,332,69.9%,191,330,57.9%,138,317,43.5%,146,319,45.8%,104,317,32.8%,295
1820,Garrett-Keyser-Butler Com Sch Corp,264,388,68.0%,251,387,64.9%,223,387,57.6%,209,416,50.2%,182,416,43.8%,144,414,34.8%,367
1835,DeKalb Co Ctl United Sch Dist,668,875,76.3%,658,875,75.2%,577,875,65.9%,392,655,59.8%,370,658,56.2%,300,654,45.9%,877
1875,Delaware Community School Corp,548,638,85.9%,498,638,78.1%,466,638,73.0%,372,560,66.4%,324,560,57.9%,269,560,48.0%,735
1885,Wes-Del Community Schools,120,174,69.0%,101,175,57.7%,87,174,50.0%,105,220,47.7%,88,222,39.6%,70,220,31.8%,157
1895,Liberty-Perry Community Sch Corp,199,270,73.7%,206,269,76.6%,179,269,66.5%,167,291,57.4%,164,293,56.0%,133,290,45.9%,312
1900,Cowan Community School Corp,148,198,74.7%,141,198,71.2%,116,197,58.9%,122,196,62.2%,111,197,56.3%,90,196,45.9%,206
1910,Yorktown Community Schools,554,729,76.0%,552,729,75.7%,499,729,68.4%,198,406,48.8%,209,406,51.5%,153,406,37.7%,652
1940,Daleville Community Schools,149,219,68.0%,143,219,65.3%,128,219,58.4%,124,223,55.6%,101,223,45.3%,88,223,39.5%,216
1970,Muncie Community Schools,287,454,63.2%,255,453,56.3%,225,452,49.8%,676,1805,37.5%,574,1825,31.5%,426,1799,23.7%,651
2040,Northeast Dubois Co Sch Corp,213,283,75.3%,229,283,80.9%,197,283,69.6%,51,90,56.7%,56,90,62.2%,40,90,44.4%,237
2100,Southeast Dubois Co Sch Corp,373,446,83.6%,391,445,87.9%,353,445,79.3%,87,140,62.1%,107,141,75.9%,78,140,55.7%,431
2110,Southwest Dubois Co Sch Corp,277,392,70.7%,292,394,74.1%,250,392,63.8%,190,385,49.4%,190,385,49.4%,141,384,36.7%,391
2120,Greater Jasper Consolidated Schs,713,859,83.0%,690,858,80.4%,644,858,75.1%,301,498,60.4%,272,498,54.6%,230,498,46.2%,874
2155,Fairfield Community Schools,590,792,74.5%,544,792,68.7%,481,792,60.7%,136,251,54.2%,124,251,49.4%,99,250,39.6%,580
2260,Baugo Community Schools,344,495,69.5%,393,494,79.6%,320,494,64.8%,198,400,49.5%,221,401,55.1%,166,400,41.5%,486
2270,Concord Community Schools,722,967,74.7%,667,968,68.9%,595,959,62.0%,727,1398,52.0%,697,1409,49.5%,531,1390,38.2%,1126
2275,Middlebury Community Schools,1099,1503,73.1%,1093,1498,73.0%,943,1496,63.0%,311,636,48.9%,311,634,49.1%,227,632,35.9%,1170
2285,Wa-Nee Community Schools,740,929,79.7%,740,933,79.3%,662,926,71.5%,295,496,59.5%,289,501,57.7%,235,494,47.6%,897
2305,Elkhart Community Schools,1107,1725,64.2%,1025,1728,59.3%,881,1723,51.1%,1581,4004,39.5%,1406,4026,34.9%,1053,3989,26.4%,1934
2315,Goshen Community Schools,703,974,72.2%,629,975,64.5%,566,973,58.2%,943,2071,45.5%,830,2072,40.1%,647,2065,31.3%,1213
2395,Fayette County School Corporation,421,540,78.0%,388,540,71.9%,346,540,64.1%,575,960,59.9%,491,962,51.0%,410,958,42.8%,756
2400,New Albany-Floyd Co Con Sch,2332,2906,80.2%,2371,2910,81.5%,2129,2905,73.3%,1123,2163,51.9%,1052,2166,48.6%,841,2160,38.9%,2970
2435,Attica Consolidated School Corp,100,131,76.3%,83,131,63.4%,75,131,57.3%,78,142,54.9%,51,142,35.9%,47,142,33.1%,122
2440,Covington Community School Corp,189,237,79.7%,184,237,77.6%,166,237,70.0%,101,167,60.5%,91,167,54.5%,76,167,45.5%,242
2455,Southeast Fountain School Corp,155,203,76.4%,144,203,70.9%,131,203,64.5%,146,228,64.0%,120,229,52.4%,106,228,46.5%,237
2475,Franklin County Community Sch Corp,352,485,72.6%,340,486,70.0%,295,485,60.8%,287,521,55.1%,260,522,49.8%,209,520,40.2%,504
2645,Rochester Community School Corp,269,380,70.8%,242,380,63.7%,214,380,56.3%,175,426,41.1%,150,426,35.2%,107,425,25.2%,321
2650,Caston School Corporation,131,185,70.8%,108,185,58.4%,98,185,53.0%,75,128,58.6%,49,129,38.0%,41,128,32.0%,139
2725,East Gibson School Corporation,131,213,61.5%,130,212,61.3%,108,212,50.9%,90,194,46.4%,67,194,34.5%,59,194,30.4%,167
2735,North Gibson School Corporation,268,408,65.7%,248,407,60.9%,207,407,50.9%,229,501,45.7%,192,502,38.2%,140,501,27.9%,347
2765,South Gibson School Corporation,504,638,79.0%,472,638,74.0%,432,638,67.7%,143,245,58.4%,115,245,46.9%,96,244,39.3%,528
2815,Eastbrook Community Sch Corp,294,405,72.6%,257,406,63.3%,230,405,56.8%,191,334,57.2%,156,334,46.7%,129,334,38.6%,359
2825,Madison-Grant United School Corp,178,238,74.8%,163,239,68.2%,141,238,59.2%,149,289,51.6%,116,290,40.0%,93,289,32.2%,234
2855,Mississinewa Community School Corp,293,376,77.9%,271,376,72.1%,254,376,67.6%,307,667,46.0%,295,666,44.3%,218,666,32.7%,472
2865,Marion Community Schools,248,429,57.8%,238,433,55.0%,195,428,45.6%,392,1101,35.6%,320,1104,29.0%,226,1100,20.5%,421
2920,Bloomfield School District,165,225,73.3%,165,225,73.3%,140,225,62.2%,88,166,53.0%,74,166,44.6%,61,166,36.7%,201
2940,Eastern Greene Schools,204,253,80.6%,187,254,73.6%,174,253,68.8%,150,249,60.2%,131,251,52.2%,111,249,44.6%,285
2950,Linton-Stockton School Corporation,254,336,75.6%,250,337,74.2%,215,336,64.0%,178,299,59.5%,161,300,53.7%,129,298,43.3%,344
2960,M S D Shakamak Schools,111,156,71.2%,123,156,78.8%,104,156,66.7%,95,207,45.9%,106,207,51.2%,72,207,34.8%,176
2980,White River Valley School District,105,146,71.9%,105,146,71.9%,89,146,61.0%,122,190,64.2%,102,189,54.0%,86,189,45.5%,175
3005,Hamilton Southeastern Schools,7214,8393,86.0%,7045,8402,83.8%,6554,8391,78.1%,1008,1573,64.1%,939,1576,59.6%,796,1573,50.6%,7350
3025,Hamilton Heights School Corp,512,655,78.2%,444,656,67.7%,413,655,63.1%,228,375,60.8%,193,375,51.5%,165,374,44.1%,578
3030,Westfield-Washington Schools,2432,3007,80.9%,2462,3016,81.6%,2207,3006,73.4%,306,632,48.4%,296,635,46.6%,228,631,36.1%,2435
3055,Sheridan Community Schools,193,263,73.4%,190,263,72.2%,165,263,62.7%,116,212,54.7%,105,215,48.8%,84,212,39.6%,249
3060,Carmel Clay Schools,6036,6714,89.9%,5860,6724,87.2%,5590,6710,83.3%,524,802,65.3%,487,809,60.2%,414,802,51.6%,6004
3070,Noblesville Schools,3084,3683,83.7%,3006,3681,81.7%,2771,3679,75.3%,751,1239,60.6%,700,1243,56.3%,578,1237,46.7%,3349
3115,Southern Hancock Co Com Sch Corp,979,1247,78.5%,951,1250,76.1%,851,1247,68.2%,222,398,55.8%,205,399,51.4%,167,398,42.0%,1018
3125,Greenfield-Central Com Schools,996,1270,78.4%,986,1271,77.6%,872,1269,68.7%,476,823,57.8%,472,823,57.4%,375,822,45.6%,1247
3135,Mt Vernon Community School Corp,1027,1343,76.5%,1032,1343,76.8%,906,1342,67.5%,262,470,55.7%,253,469,53.9%,202,469,43.1%,1108
3145,Eastern Hancock Co Com Sch Corp,285,354,80.5%,304,355,85.6%,267,354,75.4%,88,182,48.4%,107,184,58.2%,80,182,44.0%,347
3160,Lanesville Community School Corp,214,286,74.8%,184,287,64.1%,171,286,59.8%,33,60,55.0%,24,61,39.3%,21,60,35.0%,192
3180,North Harrison Com School Corp,428,508,84.3%,388,508,76.4%,360,508,70.9%,304,482,63.1%,257,482,53.3%,220,480,45.8%,580
3190,South Harrison Com Schools,562,711,79.0%,525,711,73.8%,473,711,66.5%,417,681,61.2%,386,680,56.8%,314,680,46.2%,787
3295,North West Hendricks Schools,576,686,84.0%,586,686,85.4%,528,686,77.0%,126,195,64.6%,138,195,70.8%,111,195,56.9%,639
3305,Brownsburg Community School Corp,2803,3054,91.8%,2833,3054,92.8%,2690,3052,88.1%,829,1051,78.9%,835,1054,79.2%,741,1051,70.5%,3431
3315,Avon Community School Corp,2366,2997,78.9%,2189,3001,72.9%,2018,2991,67.5%,826,1359,60.8%,713,1361,52.4%,604,1355,44.6%,2622
3325,Danville Community School Corp,623,740,84.2%,631,738,85.5%,578,738,78.3%,250,353,70.8%,237,353,67.1%,206,352,58.5%,784
3330,Plainfield Community School Corp,1616,1794,90.1%,1609,1796,89.6%,1513,1794,84.3%,516,700,73.7%,503,699,72.0%,437,697,62.7%,1950
3335,Mill Creek Community Sch Corp,401,502,79.9%,375,502,74.7%,345,502,68.7%,136,227,59.9%,127,228,55.7%,104,227,45.8%,449
3405,Blue River Valley Schools,105,176,59.7%,100,176,56.8%,81,176,46.0%,71,147,48.3%,60,147,40.8%,52,147,35.4%,133
3415,South Henry School Corp,110,185,59.5%,95,184,51.6%,83,183,45.4%,89,183,48.6%,69,183,37.7%,58,182,31.9%,141
3435,Shenandoah School Corporation,296,374,79.1%,290,374,77.5%,261,374,69.8%,185,289,64.0%,165,288,57.3%,139,288,48.3%,400
3445,New Castle Community School Corp,390,540,72.2%,382,541,70.6%,344,540,63.7%,434,845,51.4%,389,846,46.0%,314,845,37.2%,658
3455,C A Beard Memorial School Corp,163,218,74.8%,149,219,68.0%,130,218,59.6%,154,264,58.3%,126,266,47.4%,106,264,40.2%,236
3460,Taylor Community School Corp,109,182,59.9%,80,182,44.0%,75,182,41.2%,153,342,44.7%,108,345,31.3%,88,342,25.7%,163
3470,Northwestern School Corp,465,611,76.1%,433,612,70.8%,387,611,63.3%,124,238,52.1%,98,239,41.0%,75,238,31.5%,462
3480,Eastern Howard School Corporation,298,408,73.0%,259,409,63.3%,232,408,56.9%,152,248,61.3%,115,249,46.2%,97,247,39.3%,329
3490,Western School Corporation,658,780,84.4%,641,777,82.5%,592,774,76.5%,277,430,64.4%,245,428,57.2%,206,424,48.6%,798
3500,Kokomo School Corporation,397,601,66.1%,342,603,56.7%,304,599,50.8%,692,1789,38.7%,577,1803,32.0%,431,1784,24.2%,735
3625,Huntington Co Com Sch Corp,933,1219,76.5%,830,1214,68.4%,754,1212,62.2%,627,1123,55.8%,469,1129,41.5%,401,1121,35.8%,1155
3640,Medora Community School Corp,11,22,50.0%,10,22,45.5%,8,22,36.4%,15,58,25.9%,10,58,17.2%,7,58,12.1%,15
3675,Seymour Community Schools,581,800,72.6%,543,804,67.5%,494,800,61.8%,561,1237,45.4%,499,1240,40.2%,390,1235,31.6%,884
3695,Brownstown Cnt Com Sch Corp,276,386,71.5%,251,386,65.0%,228,386,59.1%,157,295,53.2%,131,294,44.6%,111,294,37.8%,339
3710,Crothersville Community Schools,59,80,73.8%,55,80,68.8%,47,80,58.8%,59,107,55.1%,60,108,55.6%,47,107,43.9%,94
3785,Kankakee Valley School Corp,689,880,78.3%,647,880,73.5%,587,880,66.7%,429,641,66.9%,358,641,55.9%,309,641,48.2%,896
3815,Rensselaer Central School Corp,282,357,79.0%,249,356,69.9%,228,356,64.0%,215,348,61.8%,152,349,43.6%,140,347,40.3%,368
3945,Jay School Corporation,462,619,74.6%,496,619,80.1%,423,618,68.4%,448,775,57.8%,465,777,59.8%,352,774,45.5%,775
3995,Madison Consolidated Schools,398,548,72.6%,323,542,59.6%,287,540,53.1%,291,607,47.9%,207,605,34.2%,163,597,27.3%,450
4000,Southwestern-Jefferson Co Con,169,250,67.6%,157,251,62.5%,135,250,54.0%,160,336,47.6%,123,337,36.5%,97,334,29.0%,232
4015,Jennings County School Corporation,516,732,70.5%,517,733,70.5%,449,731,61.4%,703,1196,58.8%,682,1202,56.7%,546,1196,45.7%,995
4145,Clark-Pleasant Community Sch Corp,1284,1565,82.0%,1230,1567,78.5%,1130,1565,72.2%,952,1509,63.1%,876,1509,58.1%,734,1507,48.7%,1864
4205,Center Grove Community School Corp,2451,2952,83.0%,2458,2962,83.0%,2250,2951,76.2%,490,852,57.5%,462,856,54.0%,381,851,44.8%,2631
4215,Edinburgh Community School Corp,80,102,78.4%,69,102,67.6%,62,102,60.8%,153,248,61.7%,140,250,56.0%,110,248,44.4%,172
4225,Franklin Community School Corp,925,1249,74.1%,848,1248,67.9%,761,1247,61.0%,549,1032,53.2%,455,1032,44.1%,371,1031,36.0%,1132
4245,Greenwood Community Sch Corp,730,902,80.9%,717,903,79.4%,655,902,72.6%,580,886,65.5%,543,886,61.3%,455,884,51.5%,1110
4255,Nineveh-Hensley-Jackson United,401,507,79.1%,393,507,77.5%,352,507,69.4%,191,283,67.5%,178,283,62.9%,145,283,51.2%,497
4315,North Knox School Corp,198,258,76.7%,173,258,67.1%,159,258,61.6%,182,343,53.1%,143,344,41.6%,114,343,33.2%,273
4325,South Knox School Corp,301,392,76.8%,284,392,72.4%,255,392,65.1%,117,211,55.5%,103,210,49.0%,80,210,38.1%,335
4335,Vincennes Community School Corp,308,425,72.5%,288,425,67.8%,258,424,60.8%,341,754,45.2%,291,757,38.4%,227,754,30.1%,485
4345,Wawasee Community School Corp,503,747,67.3%,442,748,59.1%,398,747,53.3%,311,656,47.4%,255,658,38.8%,203,656,30.9%,601
4415,Warsaw Community Schools,1223,1566,78.1%,1174,1569,74.8%,1077,1566,68.8%,849,1602,53.0%,783,1602,48.9%,619,1597,38.8%,1696
4445,Tippecanoe Valley School Corp,267,378,70.6%,269,378,71.2%,228,378,60.3%,228,456,50.0%,230,459,50.1%,180,456,39.5%,408
4455,Whitko Community School Corp,224,318,70.4%,182,319,57.1%,167,318,52.5%,127,301,42.2%,91,301,30.2%,65,299,21.7%,232
4515,Prairie Heights Community Sch Corp,220,323,68.1%,207,324,63.9%,174,323,53.9%,128,258,49.6%,109,258,42.2%,88,258,34.1%,262
4525,Westview School Corporation,615,826,74.5%,684,826,82.8%,574,826,69.5%,173,313,55.3%,176,314,56.1%,143,313,45.7%,717
4535,Lakeland School Corporation,290,431,67.3%,268,431,62.2%,228,431,52.9%,247,491,50.3%,192,492,39.0%,159,490,32.4%,387
4580,Hanover Community School Corp,640,813,78.7%,664,815,81.5%,573,813,70.5%,141,230,61.3%,149,230,64.8%,117,230,50.9%,690
4590,River Forest Community Sch Corp,90,169,53.3%,88,169,52.1%,70,169,41.4%,293,573,51.1%,267,574,46.5%,211,572,36.9%,281
4600,Merrillville Community School Corp,654,904,72.3%,608,905,67.2%,537,903,59.5%,1092,1892,57.7%,959,1891,50.7%,786,1887,41.7%,1323
4615,Lake Central School Corporation,2587,3196,80.9%,2310,3201,72.2%,2128,3192,66.7%,617,948,65.1%,510,950,53.7%,437,948,46.1%,2565
4645,Tri-Creek School Corporation,772,987,78.2%,729,990,73.6%,660,987,66.9%,276,443,62.3%,243,448,54.2%,201,443,45.4%,861
4650,Lake Ridge New Tech Schools,40,62,64.5%,41,61,67.2%,33,61,54.1%,366,713,51.3%,368,716,51.4%,282,712,39.6%,315
4660,Crown Point Community School Corp,2481,2900,85.6%,2244,2908,77.2%,2131,2899,73.5%,616,866,71.1%,521,870,59.9%,473,864,54.7%,2604
4670,School City of East Chicago,52,191,27.2%,51,193,26.4%,34,191,17.8%,492,1457,33.8%,437,1458,30.0%,303,1453,20.9%,337
4680,Lake Station Community Schools,69,96,71.9%,55,96,57.3%,50,96,52.1%,253,463,54.6%,215,464,46.3%,177,463,38.2%,227
4690,Gary Community School Corp,131,402,32.6%,82,405,20.2%,67,402,16.7%,497,1726,28.8%,290,1733,16.7%,205,1715,12.0%,272
4700,Griffith Public Schools,343,447,76.7%,336,448,75.0%,295,447,66.0%,401,622,64.5%,358,623,57.5%,300,619,48.5%,595
4710,School City of Hammond,633,1164,54.4%,539,1165,46.3%,438,1164,37.6%,2099,4667,45.0%,1686,4675,36.1%,1330,4661,28.5%,1768
4720,School Town of Highland,598,788,75.9%,523,788,66.4%,469,788,59.5%,335,580,57.8%,286,580,49.3%,229,579,39.6%,698
4730,School City of Hobart,684,898,76.2%,663,898,73.8%,588,897,65.6%,572,902,63.4%,513,903,56.8%,421,902,46.7%,1009
4740,School Town of Munster,1097,1328,82.6%,1128,1329,84.9%,1026,1327,77.3%,237,373,63.5%,242,374,64.7%,203,373,54.4%,1229
4760,School City of Whiting,103,146,70.5%,67,146,45.9%,59,146,40.4%,179,331,54.1%,118,331,35.6%,97,331,29.3%,156
4805,New Prairie United School Corp,699,865,80.8%,644,868,74.2%,577,865,66.7%,334,511,65.4%,287,513,55.9%,241,511,47.2%,818
4860,M S D of New Durham Township,173,242,71.5%,147,243,60.5%,129,242,53.3%,76,161,47.2%,70,161,43.5%,49,161,30.4%,178
4915,Tri-Township Cons School Corp,65,93,69.9%,64,94,68.1%,57,93,61.3%,43,78,55.1%,37,79,46.8%,27,78,34.6%,84
4925,Michigan City Area Schools,342,517,66.2%,334,518,64.5%,277,516,53.7%,813,1821,44.6%,823,1828,45.0%,597,1819,32.8%,874
4940,South Central Com School Corp,197,258,76.4%,182,259,70.3%,165,258,64.0%,85,157,54.1%,86,158,54.4%,66,157,42.0%,231
4945,LaPorte Community School Corp,934,1137,82.1%,891,1136,78.4%,828,1136,72.9%,976,1627,60.0%,928,1629,57.0%,768,1622,47.3%,1596
5075,North Lawrence Com Schools,647,934,69.3%,585,933,62.7%,515,933,55.2%,642,1246,51.5%,515,1244,41.4%,421,1239,34.0%,936
5085,Mitchell Community Schools,219,305,71.8%,199,304,65.5%,169,304,55.6%,207,401,51.6%,171,401,42.6%,137,400,34.3%,306
5245,Frankton-Lapel Community Schools,648,855,75.8%,590,857,68.8%,534,855,62.5%,301,532,56.6%,232,532,43.6%,184,530,34.7%,718
5255,South Madison Com Sch Corp,1048,1328,78.9%,1047,1329,78.8%,936,1327,70.5%,383,630,60.8%,346,631,54.8%,292,630,46.3%,1228
5265,Alexandria Community School Corp,210,303,69.3%,210,305,68.9%,178,303,58.7%,162,341,47.5%,171,341,50.1%,120,340,35.3%,298
5275,Anderson Community School Corp,285,429,66.4%,284,430,66.0%,245,429,57.1%,1135,2590,43.8%,1051,2601,40.4%,817,2587,31.6%,1062
5280,Elwood Community School Corp,97,155,62.6%,91,156,58.3%,74,155,47.7%,196,485,40.4%,181,486,37.2%,136,485,28.0%,210
5300,M S D Decatur Township,592,923,64.1%,490,927,52.9%,428,922,46.4%,1034,2096,49.3%,833,2091,39.8%,659,2081,31.7%,1087
5310,Franklin Township Com Sch Corp,2049,2514,81.5%,2056,2514,81.8%,1843,2512,73.4%,1053,1852,56.9%,1041,1855,56.1%,837,1849,45.3%,2680
5330,M S D Lawrence Township,1638,2234,73.3%,1491,2236,66.7%,1361,2231,61.0%,2001,4941,40.5%,1687,4957,34.0%,1285,4933,26.0%,2646
5340,Perry Township Schools,1563,1991,78.5%,1545,1991,77.6%,1388,1987,69.9%,2962,5159,57.4%,2821,5177,54.5%,2302,5148,44.7%,3690
5350,M S D Pike Township,867,1385,62.6%,752,1393,54.0%,652,1384,47.1%,1772,3892,45.5%,1469,3909,37.6%,1160,3889,29.8%,1812
5360,M S D Warren Township,627,998,62.8%,565,1000,56.5%,485,996,48.7%,1795,4354,41.2%,1442,4352,33.1%,1113,4335,25.7%,1598
5370,M S D Washington Township,1415,1794,78.9%,1272,1799,70.7%,1190,1791,66.4%,1381,3097,44.6%,1055,3104,34.0%,831,3090,26.9%,2021
5375,M S D Wayne Township,874,1472,59.4%,756,1479,51.1%,648,1469,44.1%,2711,5752,47.1%,2342,5762,40.6%,1813,5736,31.6%,2461
5380,Beech Grove City Schools,219,333,65.8%,175,333,52.6%,150,333,45.0%,462,1069,43.2%,357,1078,33.1%,274,1068,25.7%,424
5385,Indianapolis Public Schools,1508,2963,50.9%,1276,2965,43.0%,1109,2940,37.7%,3296,9824,33.6%,2720,9894,27.5%,1939,9762,19.9%,3048
5400,School Town of Speedway,270,329,82.1%,269,329,81.8%,244,329,74.2%,327,490,66.7%,333,491,67.8%,271,490,55.3%,515
5455,Culver Community Schools Corp,96,148,64.9%,82,148,55.4%,72,148,48.6%,123,229,53.7%,98,230,42.6%,77,229,33.6%,149
5470,Argos Community Schools,114,148,77.0%,107,148,72.3%,95,148,64.2%,64,129,49.6%,63,129,48.8%,47,129,36.4%,142
5480,Bremen Public Schools,270,349,77.4%,273,349,78.2%,236,349,67.6%,182,318,57.2%,166,322,51.6%,136,318,42.8%,372
5485,Plymouth Community School Corp,524,647,81.0%,470,646,72.8%,433,645,67.1%,504,941,53.6%,416,942,44.2%,340,940,36.2%,773
5495,Triton School Corporation,171,218,78.4%,161,218,73.9%,145,218,66.5%,134,195,68.7%,122,196,62.2%,105,195,53.8%,250
5520,Shoals Community School Corp,49,86,57.0%,58,86,67.4%,42,86,48.8%,86,197,43.7%,103,197,52.3%,67,197,34.0%,109
5525,Loogootee Community Sch Corp,174,220,79.1%,155,220,70.5%,142,220,64.5%,88,148,59.5%,83,148,56.1%,68,148,45.9%,210
5615,Maconaquah School Corp,287,407,70.5%,246,407,60.4%,217,406,53.4%,330,653,50.5%,271,654,41.4%,221,653,33.8%,438
5620,North Miami Community Schools,163,233,70.0%,143,233,61.4%,126,232,54.3%,93,186,50.0%,77,188,41.0%,59,185,31.9%,185
5625,Oak Hill United School Corp,370,487,76.0%,278,487,57.1%,255,487,52.4%,168,321,52.3%,104,322,32.3%,82,321,25.5%,337
5635,Peru Community Schools,283,372,76.1%,254,373,68.1%,237,372,63.7%,308,534,57.7%,269,536,50.2%,220,534,41.2%,457
5705,Richland-Bean Blossom C S C,639,763,83.7%,605,766,79.0%,556,763,72.9%,320,484,66.1%,274,486,56.4%,234,484,48.3%,790
5740,Monroe County Community Sch Corp,2395,2884,83.0%,2311,2890,80.0%,2142,2881,74.3%,924,1730,53.4%,831,1747,47.6%,692,1727,40.1%,2834
5835,North Montgomery Com Sch Corp,346,466,74.2%,333,466,71.5%,297,466,63.7%,179,346,51.7%,161,348,46.3%,130,346,37.6%,427
5845,South Montgomery Com Sch Corp,346,398,86.9%,338,398,84.9%,317,398,79.6%,216,322,67.1%,209,324,64.5%,177,322,55.0%,494
5855,Crawfordsville Community Schools,254,371,68.5%,246,371,66.3%,211,370,57.0%,320,713,44.9%,286,715,40.0%,215,713,30.2%,426
5900,Monroe-Gregg School District,282,397,71.0%,252,397,63.5%,226,397,56.9%,153,293,52.2%,128,294,43.5%,95,293,32.4%,321
5910,Eminence Community School Corp,52,80,65.0%,39,80,48.8%,32,80,40.0%,37,83,44.6%,21,82,25.6%,18,82,22.0%,50
5925,M S D Martinsville Schools,721,948,76.1%,715,949,75.3%,637,948,67.2%,590,1109,53.2%,540,1107,48.8%,437,1106,39.5%,1074
5930,Mooresville Con School Corp,821,1082,75.9%,819,1082,75.7%,715,1081,66.1%,517,910,56.8%,519,913,56.8%,415,910,45.6%,1130
5945,North Newton School Corp,177,241,73.4%,158,243,65.0%,136,241,56.4%,188,335,56.1%,145,335,43.3%,116,333,34.8%,252
5995,South Newton School Corp,114,157,72.6%,107,156,68.6%,94,156,60.3%,138,255,54.1%,111,255,43.5%,90,255,35.3%,184
6055,Central Noble Com School Corp,223,337,66.2%,210,338,62.1%,182,337,54.0%,104,215,48.4%,78,219,35.6%,63,215,29.3%,245
6060,East Noble School Corporation,512,787,65.1%,485,789,61.5%,406,787,51.6%,345,726,47.5%,307,733,41.9%,243,725,33.5%,649
6065,West Noble School Corporation,276,407,67.8%,278,407,68.3%,238,406,58.6%,323,668,48.4%,365,669,54.6%,256,667,38.4%,494
6080,Rising Sun-Ohio Co Com,157,213,73.7%,129,213,60.6%,117,213,54.9%,72,137,52.6%,61,137,44.5%,47,137,34.3%,164
6145,Orleans Community Schools,130,170,76.5%,105,170,61.8%,97,170,57.1%,123,223,55.2%,109,223,48.9%,87,223,39.0%,184
6155,Paoli Community School Corp,183,273,67.0%,175,273,64.1%,146,273,53.5%,174,352,49.4%,160,354,45.2%,114,352,32.4%,260
6160,Springs Valley Com School Corp,130,171,76.0%,111,171,64.9%,102,171,59.6%,108,217,49.8%,81,217,37.3%,65,217,30.0%,167
6195,Spencer-Owen Community Schools,336,489,68.7%,293,489,59.9%,252,488,51.6%,310,627,49.4%,264,629,42.0%,204,627,32.5%,456
6260,Southwest Parke Com Sch Corp,125,180,69.4%,109,180,60.6%,96,180,53.3%,122,277,44.0%,100,275,36.4%,75,275,27.3%,171
6325,Perry Central Com Schools Corp,258,318,81.1%,248,318,78.0%,226,318,71.1%,143,227,63.0%,128,227,56.4%,111,227,48.9%,337
6340,Cannelton City Schools,13,20,65.0%,9,20,45.0%,9,20,45.0%,43,77,55.8%,33,78,42.3%,28,77,36.4%,37
6350,Tell City-Troy Twp School Corp,277,331,83.7%,255,333,76.6%,242,331,73.1%,205,314,65.3%,166,314,52.9%,150,314,47.8%,392
6375,North Central Parke Comm Schl Corp,163,221,73.8%,137,221,62.0%,125,221,56.6%,144,291,49.5%,119,293,40.6%,95,291,32.6%,220
6445,Pike County School Corp,286,425,67.3%,271,427,63.5%,230,425,54.1%,138,346,39.9%,109,347,31.4%,78,346,22.5%,308
6460,M S D Boone Township,247,329,75.1%,249,329,75.7%,220,329,66.9%,111,212,52.4%,124,211,58.8%,92,211,43.6%,312
6470,Duneland School Corporation,1399,1788,78.2%,1393,1794,77.6%,1238,1787,69.3%,455,822,55.4%,450,824,54.6%,350,819,42.7%,1588
6510,East Porter County School Corp,778,907,85.8%,708,906,78.1%,658,906,72.6%,162,239,67.8%,134,239,56.1%,117,238,49.2%,775
6520,Porter Township School Corp,344,472,72.9%,284,472,60.2%,251,472,53.2%,83,139,59.7%,65,139,46.8%,55,138,39.9%,306
6530,Union Township School Corp,383,450,85.1%,376,450,83.6%,347,450,77.1%,114,163,69.9%,113,162,69.8%,99,162,61.1%,446
6550,Portage Township Schools,1031,1380,74.7%,1023,1382,74.0%,902,1380,65.4%,1183,2053,57.6%,1168,2056,56.8%,932,2051,45.4%,1834
6560,Valparaiso Community Schools,1664,1916,86.8%,1569,1917,81.8%,1493,1915,78.0%,582,851,68.4%,557,856,65.1%,470,851,55.2%,1963
6590,M S D Mount Vernon,404,492,82.1%,394,494,79.8%,358,492,72.8%,229,381,60.1%,205,380,53.9%,163,380,42.9%,521
6600,M S D North Posey Co Schools,328,400,82.0%,309,400,77.3%,281,400,70.3%,137,210,65.2%,117,208,56.3%,102,208,49.0%,383
6620,Eastern Pulaski Community Sch Corp,222,297,74.7%,210,297,70.7%,187,297,63.0%,174,288,60.4%,155,289,53.6%,132,287,46.0%,319
6630,West Central School Corp,93,128,72.7%,89,128,69.5%,73,128,57.0%,98,212,46.2%,96,213,45.1%,73,212,34.4%,146
6705,South Putnam Community Schools,178,262,67.9%,185,262,70.6%,157,262,59.9%,121,223,54.3%,115,224,51.3%,91,223,40.8%,248
6715,North Putnam Community Schools,273,344,79.4%,250,344,72.7%,229,344,66.6%,187,310,60.3%,156,311,50.2%,135,310,43.5%,364
6750,Cloverdale Community Schools,134,190,70.5%,134,190,70.5%,114,190,60.0%,160,280,57.1%,153,282,54.3%,123,280,43.9%,237
6755,Greencastle Community School Corp,324,434,74.7%,283,436,64.9%,258,434,59.4%,169,375,45.1%,150,377,39.8%,111,375,29.6%,369
6795,Union School Corporation,73,180,40.6%,47,183,25.7%,40,180,22.2%,119,369,32.2%,72,372,19.4%,50,367,13.6%,90
6805,Randolph Southern School Corp,83,116,71.6%,77,116,66.4%,68,116,58.6%,72,135,53.3%,59,135,43.7%,49,135,36.3%,117
6820,Monroe Central School Corp,200,242,82.6%,211,243,86.8%,184,242,76.0%,153,218,70.2%,152,218,69.7%,124,218,56.9%,308
6825,Randolph Central School Corp,224,282,79.4%,208,282,73.8%,190,281,67.6%,213,396,53.8%,193,401,48.1%,150,395,38.0%,340
6835,Randolph Eastern School Corp,78,104,75.0%,66,103,64.1%,58,103,56.3%,147,266,55.3%,108,266,40.6%,88,266,33.1%,146
6865,South Ripley Com Sch Corp,165,193,85.5%,159,193,82.4%,149,193,77.2%,241,317,76.0%,223,317,70.3%,202,317,63.7%,351
6895,Batesville Community School Corp,531,669,79.4%,544,669,81.3%,481,669,71.9%,157,252,62.3%,142,251,56.6%,124,251,49.4%,605
6900,Jac-Cen-Del Community Sch Corp,161,204,78.9%,160,205,78.0%,143,204,70.1%,100,172,58.1%,101,171,59.1%,78,171,45.6%,221
6910,Milan Community Schools,162,221,73.3%,127,221,57.5%,113,221,51.1%,125,231,54.1%,98,231,42.4%,75,231,32.5%,188
6995,Rush County Schools,300,390,76.9%,278,390,71.3%,247,390,63.3%,282,524,53.8%,271,522,51.9%,217,522,41.6%,464
7150,John Glenn School Corporation,401,508,78.9%,378,508,74.4%,340,508,66.9%,237,415,57.1%,248,417,59.5%,192,415,46.3%,532
7175,Penn-Harris-Madison School Corp,2954,3482,84.8%,2834,3486,81.3%,2633,3480,75.7%,875,1415,61.8%,832,1413,58.9%,714,1409,50.7%,3347
7200,School City of Mishawaka,503,740,68.0%,447,741,60.3%,391,738,53.0%,725,1648,44.0%,601,1657,36.3%,475,1646,28.9%,866
7205,South Bend Community School Corp,1004,1629,61.6%,839,1627,51.6%,736,1621,45.4%,1727,5486,31.5%,1370,5516,24.8%,1003,5463,18.4%,1739
7215,Union-North United School Corp,180,260,69.2%,169,260,65.0%,146,260,56.2%,165,293,56.3%,153,293,52.2%,127,293,43.3%,273
7230,Scott County School District 1,89,154,57.8%,104,154,67.5%,79,154,51.3%,192,386,49.7%,206,388,53.1%,142,386,36.8%,221
7255,Scott County School District 2,376,495,76.0%,372,496,75.0%,319,495,64.4%,378,703,53.8%,374,706,53.0%,295,700,42.1%,614
7285,Shelby Eastern Schools,199,263,75.7%,186,263,70.7%,167,263,63.5%,147,253,58.1%,131,253,51.8%,108,253,42.7%,275
7350,Northwestern Con School Corp,294,383,76.8%,275,385,71.4%,253,382,66.2%,142,269,52.8%,136,269,50.6%,99,269,36.8%,352
7360,Southwestern Con Sch Shelby Co,114,135,84.4%,108,135,80.0%,100,135,74.1%,64,111,57.7%,56,112,50.0%,41,111,36.9%,141
7365,Shelbyville Central Schools,614,794,77.3%,617,794,77.7%,539,794,67.9%,557,954,58.4%,524,955,54.9%,428,954,44.9%,967
7385,North Spencer County Sch Corp,501,577,86.8%,522,577,90.5%,479,577,83.0%,194,302,64.2%,211,303,69.6%,163,302,54.0%,642
7445,South Spencer County Sch Corp,218,280,77.9%,208,280,74.3%,189,280,67.5%,143,239,59.8%,139,240,57.9%,119,237,50.2%,308
7495,Oregon-Davis School Corp,60,91,65.9%,51,91,56.0%,46,91,50.5%,73,131,55.7%,57,131,43.5%,46,130,35.4%,92
7515,North Judson-San Pierre Sch Corp,135,202,66.8%,132,202,65.3%,111,202,55.0%,98,242,40.5%,102,243,42.0%,77,242,31.8%,188
7525,Knox Community School Corp,217,303,71.6%,186,303,61.4%,161,303,53.1%,290,551,52.6%,234,551,42.5%,192,550,34.9%,353
7605,Fremont Community Schools,173,227,76.2%,165,226,73.0%,147,226,65.0%,139,218,63.8%,121,218,55.5%,103,218,47.2%,250
7610,Hamilton Community Schools,41,66,62.1%,28,66,42.4%,24,66,36.4%,25,56,44.6%,27,56,48.2%,19,56,33.9%,43
7615,M S D Steuben County,418,610,68.5%,413,611,67.6%,359,609,58.9%,307,617,49.8%,283,617,45.9%,218,615,35.4%,577
7645,Northeast School Corp,112,149,75.2%,101,149,67.8%,91,149,61.1%,90,193,46.6%,91,193,47.2%,66,193,34.2%,157
7715,Southwest School Corporation,281,355,79.2%,271,355,76.3%,247,355,69.6%,186,323,57.6%,157,326,48.2%,136,323,42.1%,383
7775,Switzerland County School Corp,215,316,68.0%,192,316,60.8%,173,316,54.7%,160,351,45.6%,131,351,37.3%,95,350,27.1%,268
7855,Lafayette School Corporation,647,855,75.7%,603,848,71.1%,548,844,64.9%,1355,2558,53.0%,1261,2551,49.4%,1043,2542,41.0%,1591
7865,Tippecanoe School Corp,2875,3798,75.7%,2742,3798,72.2%,2463,3798,64.8%,1117,2308,48.4%,1015,2307,44.0%,771,2300,33.5%,3234
7875,West Lafayette Com School Corp,754,850,88.7%,735,850,86.5%,701,849,82.6%,91,163,55.8%,94,165,57.0%,76,162,46.9%,777
7935,Tri-Central Community Schools,132,184,71.7%,104,184,56.5%,98,184,53.3%,67,144,46.5%,55,145,37.9%,42,144,29.2%,140
7945,Tipton Community School Corp,299,394,75.9%,283,394,71.8%,246,394,62.4%,188,335,56.1%,183,336,54.5%,143,335,42.7%,389
7950,Union Co/Clg Corner Joint Sch Dist,232,295,78.6%,222,293,75.8%,196,291,67.4%,195,297,65.7%,176,294,59.9%,146,293,49.8%,342
7995,Evansville Vanderburgh School Corp,3058,4014,76.2%,2974,4020,74.0%,2671,4011,66.6%,2641,5924,44.6%,2271,5957,38.1%,1802,5910,30.5%,4473
8010,North Vermillion Com Sch Corp,85,139,61.2%,71,140,50.7%,54,139,38.8%,85,188,45.2%,71,191,37.2%,58,188,30.9%,112
8020,South Vermillion Com Sch Corp,240,317,75.7%,208,318,65.4%,188,317,59.3%,238,412,57.8%,189,411,46.0%,160,411,38.9%,348
8030,Vigo County School Corp,2243,2808,79.9%,2056,2809,73.2%,1876,2806,66.9%,1898,3606,52.6%,1627,3618,45.0%,1286,3598,35.7%,3162
8045,Manchester Community Schools,282,364,77.5%,285,364,78.3%,243,364,66.8%,186,359,51.8%,200,361,55.4%,150,359,41.8%,393
8050,M S D Wabash County Schools,333,460,72.4%,285,445,64.0%,260,444,58.6%,222,426,52.1%,176,416,42.3%,140,414,33.8%,400
8060,Wabash City Schools,181,254,71.3%,157,254,61.8%,147,254,57.9%,220,406,54.2%,169,407,41.5%,143,406,35.2%,290
8115,M S D Warren County,233,321,72.6%,223,321,69.5%,192,321,59.8%,148,268,55.2%,116,269,43.1%,94,268,35.1%,286
8130,Warrick County School Corp,2702,3172,85.2%,2658,3179,83.6%,2457,3170,77.5%,1032,1478,69.8%,935,1478,63.3%,813,1476,55.1%,3270
8205,Salem Community Schools,252,378,66.7%,225,378,59.5%,195,378,51.6%,210,476,44.1%,176,482,36.5%,132,476,27.7%,327
8215,East Washington School Corp,238,308,77.3%,188,309,60.8%,180,308,58.4%,211,339,62.2%,174,340,51.2%,149,339,44.0%,329
8220,West Washington School Corp,114,147,77.6%,112,147,76.2%,99,147,67.3%,128,201,63.7%,121,200,60.5%,90,200,45.0%,189
8305,Nettle Creek School Corporation,228,285,80.0%,180,285,63.2%,168,285,58.9%,152,211,72.0%,108,211,51.2%,100,211,47.4%,268
8355,Western Wayne Schools,132,185,71.4%,102,186,54.8%,90,185,48.6%,107,226,47.3%,74,226,32.7%,55,225,24.4%,145
8360,Centerville-Abington Com Schs,390,483,80.7%,329,484,68.0%,296,483,61.3%,215,344,62.5%,185,345,53.6%,152,343,44.3%,448
8375,Northeastern Wayne Schools,259,317,81.7%,216,317,68.1%,197,317,62.1%,173,293,59.0%,126,294,42.9%,105,293,35.8%,302
8385,Richmond Community Schools,313,461,67.9%,293,466,62.9%,252,459,54.9%,629,1547,40.7%,565,1574,35.9%,388,1541,25.2%,640
8425,Southern Wells Com Schools,180,257,70.0%,159,257,61.9%,142,257,55.3%,84,158,53.2%,70,159,44.0%,52,158,32.9%,194
8435,Northern Wells Community Schools,603,764,78.9%,542,766,70.8%,491,764,64.3%,181,318,56.9%,158,319,49.5%,130,317,41.0%,621
8445,M S D Bluffton-Harrison,276,370,74.6%,263,370,71.1%,235,370,63.5%,203,370,54.9%,155,370,41.9%,129,370,34.9%,364
8515,North White School Corp,60,90,66.7%,57,90,63.3%,50,90,55.6%,162,297,54.5%,156,297,52.5%,118,297,39.7%,168
8525,Frontier School Corporation,141,185,76.2%,135,183,73.8%,119,183,65.0%,58,107,54.2%,53,108,49.1%,45,107,42.1%,164
8535,Tri-County School Corporation,135,174,77.6%,131,175,74.9%,118,174,67.8%,71,122,58.2%,70,121,57.9%,56,121,46.3%,174
8565,Twin Lakes School Corp,328,455,72.1%,325,455,71.4%,280,455,61.5%,321,592,54.2%,291,592,49.2%,234,591,39.6%,514
8625,Smith-Green Community Schools,255,367,69.5%,212,367,57.8%,184,367,50.1%,105,185,56.8%,83,185,44.9%,68,184,37.0%,252
8665,Whitley County Con Schools,760,1057,71.9%,720,1058,68.1%,629,1056,59.6%,299,556,53.8%,248,559,44.4%,201,554,36.3%,830
9010,Ignite Achievement Academy,8,13,61.5%,3,12,25.0%,3,12,25.0%,61,259,23.6%,25,265,9.4%,18,253,7.1%,21
9030,Otwell Miller Academy,5,11,45.5%,5,11,45.5%,3,11,27.3%,7,12,58.3%,6,12,50.0%,5,12,41.7%,8
9040,Avondale Meadows Middle School,11,27,40.7%,7,27,25.9%,7,27,25.9%,34,66,51.5%,5,64,7.8%,4,64,6.3%,11
9120,Insight School of Indiana,8,19,42.1%,4,19,21.1%,3,19,15.8%,42,107,39.3%,17,108,15.7%,14,107,13.1%,17
9200,Archdiocese of Indianapolis,6206,7238,85.7%,5642,7262,77.7%,5279,7233,73.0%,1690,2836,59.6%,1340,2839,47.2%,1130,2834,39.9%,6409
9205,Diocese of Gary,1596,1864,85.6%,1384,1863,74.3%,1290,1863,69.2%,650,919,70.7%,457,919,49.7%,415,919,45.2%,1705
9210,Diocese of Lafayette Catholic Sch,1694,1855,91.3%,1602,1857,86.3%,1540,1855,83.0%,252,387,65.1%,218,390,55.9%,186,387,48.1%,1726
9215,Diocese of Evansville,2045,2319,88.2%,1980,2318,85.4%,1849,2317,79.8%,409,569,71.9%,348,573,60.7%,300,568,52.8%,2149
9220,Diocese of Fort Wayne - South Bend,3536,4150,85.2%,3083,4150,74.3%,2886,4144,69.6%,1365,1987,68.7%,1099,1990,55.2%,937,1983,47.3%,3823
9230,Lutheran Schools of Indiana,2554,3153,81.0%,2238,3155,70.9%,2044,3151,64.9%,741,1163,63.7%,580,1168,49.7%,507,1162,43.6%,2551
9240,The Oaks Academy,200,231,86.6%,188,233,80.7%,179,231,77.5%,168,196,85.7%,164,198,82.8%,149,196,76.0%,328
9310,Charter School of the Dunes,8,30,26.7%,11,30,36.7%,6,30,20.0%,98,292,33.6%,74,295,25.1%,46,292,15.8%,52
9320,Community Montessori Inc,109,187,58.3%,70,186,37.6%,61,186,32.8%,30,52,57.7%,24,52,46.2%,20,52,38.5%,81
9330,Irvington Community School,118,162,72.8%,94,162,58.0%,89,162,54.9%,140,268,52.2%,115,269,42.8%,94,268,35.1%,183
9365,Enlace Academy,9,15,60.0%,7,15,46.7%,5,15,33.3%,75,207,36.2%,76,211,36.0%,52,206,25.2%,57
9380,Christel House Academy South,18,28,64.3%,12,28,42.9%,10,28,35.7%,167,290,57.6%,154,290,53.1%,114,289,39.4%,124
9400,KIPP Indy College Prep Middle,5,19,26.3%,3,19,15.8%,1,18,5.6%,90,238,37.8%,71,237,30.0%,46,237,19.4%,47
9425,Tindley Genesis Academy,14,18,77.8%,13,18,72.2%,12,18,66.7%,51,73,69.9%,42,73,57.5%,38,73,52.1%,50
9430,Tindley Summit Academy,9,17,52.9%,3,17,17.6%,2,17,11.8%,39,93,41.9%,23,92,25.0%,20,92,21.7%,22
9460,Thea Bowman Leadership Academy,40,85,47.1%,32,85,37.6%,29,85,34.1%,154,369,41.7%,82,372,22.0%,63,369,17.1%,92
9465,Rural Community Schools Inc,20,31,64.5%,22,31,71.0%,19,31,61.3%,40,65,61.5%,36,65,55.4%,28,65,43.1%,47
9485,SE Neighborhood Sch of Excellence,20,42,47.6%,17,42,40.5%,13,42,31.0%,121,308,39.3%,92,311,29.6%,62,307,20.2%,75
9490,Indiana College Preparatory School,9,23,39.1%,5,24,20.8%,4,22,18.2%,22,74,29.7%,6,77,7.8%,4,69,5.8%,8
9545,21st Century Charter Sch of Gary,7,10,70.0%,5,10,50.0%,5,10,50.0%,163,381,42.8%,102,384,26.6%,76,380,20.0%,81
9555,East Chicago Urban Enterprise Acad,31,65,47.7%,19,65,29.2%,14,65,21.5%,110,209,52.6%,68,209,32.5%,56,209,26.8%,70
9575,Indpls Lighthouse Charter School,,,,,,,,,,201,450,44.7%,221,450,49.1%,136,449,30.3%,136
9615,Andrew J Brown Academy,9,21,42.9%,10,21,47.6%,8,21,38.1%,138,347,39.8%,123,347,35.4%,84,347,24.2%,92
9620,Burris Laboratory School,206,238,86.6%,192,237,81.0%,177,237,74.7%,55,80,68.8%,48,80,60.0%,37,80,46.3%,214
9645,Avondale Meadows Academy,36,63,57.1%,34,62,54.8%,28,62,45.2%,69,147,46.9%,39,149,26.2%,26,146,17.8%,54
9665,Geist Montessori Academy,146,200,73.0%,105,203,51.7%,97,200,48.5%,8,20,40.0%,6,20,30.0%,5,20,25.0%,102
9680,Paramount School Of Excellence Inc,44,52,84.6%,44,52,84.6%,40,52,76.9%,336,385,87.3%,334,386,86.5%,310,385,80.5%,350
9685,Aspire Charter Academy,16,38,42.1%,13,38,34.2%,12,38,31.6%,172,383,44.9%,116,386,30.1%,96,383,25.1%,108
9690,Renaissance Academy Charter School,88,115,76.5%,73,114,64.0%,70,114,61.4%,19,29,65.5%,16,28,57.1%,13,28,46.4%,83
9705,Hammond Academy of Science & Tech,53,72,73.6%,27,72,37.5%,25,72,34.7%,111,178,62.4%,51,178,28.7%,46,178,25.8%,71
9710,Carpe Diem - Northwest,3,14,21.4%,0,16,0.0%,0,14,0.0%,16,55,29.1%,8,57,14.0%,5,54,9.3%,5
9725,Canaan Community Academy,6,22,27.3%,11,23,47.8%,5,22,22.7%,8,27,29.6%,4,27,14.8%,4,27,14.8%,9
9735,Inspire Academy - A Sch of Inquiry,11,25,44.0%,10,25,40.0%,9,25,36.0%,23,80,28.8%,21,80,26.3%,16,80,20.0%,25
9740,Thurgood Marshall Leadership Acad,,,,,,,,,,8,52,15.4%,5,52,9.6%,5,52,9.6%,5
9745,Tindley Preparatory Academy,30,31,96.8%,25,31,80.6%,25,31,80.6%,63,94,67.0%,52,94,55.3%,43,94,45.7%,68
9770,Indianapolis Lighthouse East,,,,,,,,,,24,96,25.0%,7,98,7.1%,6,96,6.3%,6
9785,IN Math & Science Academy,10,21,47.6%,12,21,57.1%,6,21,28.6%,160,326,49.1%,132,326,40.5%,110,326,33.7%,116
9790,Anderson Preparatory Academy,78,132,59.1%,69,133,51.9%,53,132,40.2%,73,184,39.7%,57,184,31.0%,41,183,22.4%,94
9805,Hoosier Academy - Indianapolis,9,14,64.3%,6,14,42.9%,5,14,35.7%,44,75,58.7%,28,77,36.4%,28,75,37.3%,33
9835,The Bloomington Project School,105,136,77.2%,98,136,72.1%,89,136,65.4%,46,59,78.0%,46,60,76.7%,41,59,69.5%,130
9865,Hoosier Acad Virtual Charter,27,45,60.0%,22,45,48.9%,19,44,43.2%,188,443,42.4%,111,445,24.9%,97,442,21.9%,116
9870,Discovery Charter School,206,237,86.9%,193,237,81.4%,184,237,77.6%,48,67,71.6%,39,67,58.2%,35,67,52.2%,219
9875,Rock Creek Community Academy,127,186,68.3%,117,185,63.2%,101,185,54.6%,32,49,65.3%,23,47,48.9%,20,47,42.6%,121
9890,Indiana Virtual School,89,180,49.4%,35,181,19.3%,34,176,19.3%,45,98,45.9%,25,98,25.5%,17,98,17.3%,51
9895,IN Math & Science Academy - North,10,23,43.5%,7,23,30.4%,5,23,21.7%,101,264,38.3%,78,262,29.8%,59,262,22.5%,64
9905,Indiana Connections Academy,455,657,69.3%,273,661,41.3%,255,657,38.8%,355,694,51.2%,180,704,25.6%,155,693,22.4%,410
9925,Phalen Leadership Academy - IN Inc,15,22,68.2%,18,22,81.8%,12,22,54.5%,66,100,66.0%,58,100,58.0%,47,100,47.0%,59
9935,Vision Academy,11,19,57.9%,4,18,22.2%,4,18,22.2%,81,240,33.8%,48,245,19.6%,34,239,14.2%,38
9940,Tindley Collegiate Academy,30,36,83.3%,21,36,58.3%,20,36,55.6%,107,149,71.8%,79,149,53.0%,70,149,47.0%,90
9945,Tindley Renaissance Academy,36,62,58.1%,30,62,48.4%,27,62,43.5%,84,166,50.6%,72,165,43.6%,58,165,35.2%,85
9950,Dugger Union Community School Corp,26,54,48.1%,20,54,37.0%,17,54,31.5%,51,112,45.5%,51,112,45.5%,35,112,31.3%,52
9955,Mays Community Academy,22,34,64.7%,27,34,79.4%,19,34,55.9%,50,63,79.4%,41,63,65.1%,37,63,58.7%,56
9960,Success Academy Primary School,33,84,39.3%,27,84,32.1%,19,84,22.6%,71,223,31.8%,49,223,22.0%,30,221,13.6%,49
9965,Career Academy Middle School,72,128,56.3%,69,128,53.9%,56,128,43.8%,81,167,48.5%,59,170,34.7%,47,167,28.1%,103
9980,Steel City Academy,,,,,,,,,,65,159,40.9%,9,157,5.7%,9,157,5.7%,9
9985,Seven Oaks Classical School,66,87,75.9%,56,87,64.4%,51,87,58.6%,17,24,70.8%,15,23,65.2%,12,23,52.2%,63
9990,Higher Institute of Arts & Tech,5,11,45.5%,1,11,9.1%,1,11,9.1%,9,56,16.1%,2,57,3.5%,2,56,3.6%,3